"baseline_date","current_date","isin","ticker","name","sector","baseline_price","current_price","price_return_pct","drift_ratio","baseline_weight_pct","implied_weight_pct","weight_gap_pct","predicted_dollar_flow","predicted_action"
"2026-08-31","2026-09-29","US5949728530","MSTR","STRATEGY INC","Industrial",97.1,99.56,2.533,1.07546,0.0345,4.1736,4.13907,454351267.0,"SELL"
"2026-08-31","2026-09-29","US0970232049","BA","BOEING CO","Industrial",64.84,59.46,-8.297,0.96186,0.0355,3.8355,3.79997,417128135.0,"SELL"
"2026-08-31","2026-09-29","US42824C2089","HPE","HEWLETT PACKARD ENTERPRISE CONV PR","Industrial",133.72,157.46,17.754,1.2351,0.0191,2.6503,2.6312,288830870.0,"SELL"
"2026-08-31","2026-09-29","US68389X2045","ORCL","ORACLE CORPORATION","Industrial",46.68,44.02,-5.698,0.98912,0.0222,2.4709,2.44867,268794504.0,"SELL"
"2026-08-31","2026-09-29","US9497468044","WFC","WELLS FARGO & COMPANY SERIES L","Financial Institutions",1144.02,1064.33,-6.966,0.97582,0.0216,2.3681,2.34646,257574509.0,"SELL"
"2026-08-31","2026-09-29","US0605056821","BAC","BANK OF AMERICA CORP","Financial Institutions",1285.38,1223.22,-4.836,0.99816,0.0146,1.6369,1.62233,178085908.0,"SELL"
"2026-08-31","2026-09-29","US1730802014","C","CITIGROUP CAPITAL XIII","Financial Institutions",26.15,26.42,1.033,1.05972,0.0112,1.3311,1.31986,144883490.0,"SELL"
"2026-08-31","2026-09-29","US0669224778","XTSLA","BLK CSH FND TREASURY SL AGENCY","Cash and/or Derivatives",1.0,1.0,0.0,1.04889,0.0106,1.2489,1.23833,135933625.0,"SELL"
"2026-08-31","2026-09-29","US48251W5004","KKR","KKR & CO INC","Financial Institutions",48.62,41.5,-14.644,0.89529,0.012,1.2044,1.19235,130886180.0,"SELL"
"2026-08-31","2026-09-29","US0126532003","ALB","ALBEMARLE CORP","Industrial",54.81,45.88,-16.293,0.878,0.012,1.1836,1.17155,128602882.0,"SELL"
"2026-08-31","2026-09-29","US5950173022","MCHP","MICROCHIP TECHNOLOGY INCORPORATED","Industrial",64.36,67.31,4.584,1.09696,0.0091,1.1223,1.11321,122199246.0,"SELL"
"2026-08-31","2026-09-29","US65339F6557","NEE","NEXTERA ENERGY INC","Utility",45.41,43.06,-5.175,0.99461,0.0099,1.1119,1.10201,120969459.0,"SELL"
"2026-08-31","2026-09-29","US65339K8606","NEE","NEXTERA ENERGY UNITS","Utility",51.05,48.81,-4.388,1.00286,0.0097,1.096,1.08627,119241373.0,"SELL"
"2026-08-31","2026-09-29","US8425878423","SO","SOUTHERN COMPANY (THE)","Utility",47.85,45.12,-5.705,0.98904,0.0091,1.0132,1.0041,110221789.0,"SELL"
"2026-08-31","2026-09-29","US48128B6552","JPM","JPMORGAN CHASE & CO","Financial Institutions",24.58,22.82,-7.16,0.97378,0.0086,0.947,0.93841,103010650.0,"SELL"
"2026-08-31","2026-09-29","US10950A2050","BTSG","BRIGHTSPRING HEALTH SERVICES UNITS","Industrial",192.6,183.76,-4.59,1.00075,0.0073,0.8254,0.81811,89805211.0,"SELL"
"2026-08-31","2026-09-29","US48128B6487","JPM","JPMORGAN CHASE & CO","Financial Institutions",22.89,21.59,-5.679,0.98932,0.0074,0.8215,0.81409,89363767.0,"SELL"
"2026-08-31","2026-09-29","US34988VAF31","FOSL","FOSSIL GROUP INC","Industrial",75.17,74.68,-0.652,1.04205,0.0001,0.7993,0.79923,87732422.0,"SELL"
"2026-08-31","2026-09-29","US94988U1512","WFC","WELLS FARGO & COMPANY","Financial Institutions",17.82,16.81,-5.668,0.98944,0.0068,0.7589,0.75208,82556434.0,"SELL"
"2026-08-31","2026-09-29","US1167942077","BRKR","BRUKER CORPORATION","Industrial",428.01,470.78,9.993,1.1537,0.0056,0.7298,0.7242,79496971.0,"SELL"
"2026-08-31","2026-09-29","US48128B5232","JPM","JPMORGAN CHASE AND CO DS REPSTG T","Financial Institutions",16.77,15.87,-5.367,0.9926,0.0064,0.7135,0.70707,77616151.0,"SELL"
"2026-08-31","2026-09-29","US48128B5497","JPM","JPMORGAN CHASE NON-CUMULATIVE PREF","Financial Institutions",18.2,17.15,-5.769,0.98837,0.0064,0.7132,0.70681,77587075.0,"SELL"
"2026-08-31","2026-09-29","US03990B3096","ARES","ARES MANAGEMENT CORP","Financial Institutions",45.7,38.62,-15.492,0.88639,0.0065,0.6505,0.64404,70697453.0,"SELL"
"2026-08-31","2026-09-29","US00206R7061","T","AT&T INC","Industrial",16.83,16.37,-2.733,1.02022,0.0056,0.6426,0.63701,69925803.0,"SELL"
"2026-08-31","2026-09-29","US69351T8669","PPL","PPL CORPORATION","Utility",46.16,44.59,-3.401,1.01321,0.0051,0.5763,0.57115,62696520.0,"SELL"
"2026-08-31","2026-09-29","US38144G8042","GS","GOLDMAN SACHS GROUP INC","Financial Institutions",18.7,18.85,0.802,1.0573,0.0048,0.5708,0.56602,62132495.0,"SELL"
"2026-08-31","2026-09-29","US48128B5802","JPM","JPMORGAN CHASE DRC","Financial Institutions",17.88,16.86,-5.705,0.98905,0.0051,0.5688,0.5637,61877753.0,"SELL"
"2026-08-31","2026-09-29","US69331C3060","PCG","PG&E CORPORATION","Utility",33.88,31.32,-7.556,0.96963,0.0052,0.5656,0.56035,61510753.0,"SELL"
"2026-08-31","2026-09-29","US00206R3003","T","AT&T INC","Industrial",19.39,19.02,-1.908,1.02887,0.0049,0.5642,0.55935,61400331.0,"SELL"
"2026-08-31","2026-09-29","US14040H8245","COF","CAPITAL ONE FINANCIAL CORPORATION","Financial Institutions",17.48,16.54,-5.378,0.99248,0.005,0.5565,0.55153,60542691.0,"SELL"
"2026-08-31","2026-09-29","US5949728795","MSTR","STRATEGY INC","Industrial",102.44,103.83,1.357,1.06312,0.0046,0.5506,0.54605,59940205.0,"SELL"
"2026-08-31","2026-09-29","US61762V8384","MS","MORGAN STANLEY","Financial Institutions",24.43,24.35,-0.327,1.04545,0.0046,0.5462,0.5416,59452251.0,"SELL"
"2026-08-31","2026-09-29","US61762V8533","MS","MORGAN STANLEY","Financial Institutions",25.14,24.0,-4.535,1.00132,0.0048,0.5399,0.53506,58734065.0,"SELL"
"2026-08-31","2026-09-29","US0605052291","BAC","BANK OF AMERICA CORP","Financial Institutions",24.05,22.5,-6.445,0.98129,0.0048,0.5278,0.52297,57406817.0,"SELL"
"2026-08-31","2026-09-29","US61761J4067","MS","MORGAN STANLEY DS REPRESENTING F","Financial Institutions",25.33,23.28,-8.093,0.964,0.0048,0.5236,0.51884,56953326.0,"SELL"
"2026-08-31","2026-09-29","US61762V2007","MS","MORGAN STANLEY","Financial Institutions",25.46,25.34,-0.471,1.04394,0.0042,0.4903,0.48606,53355748.0,"SELL"
"2026-08-31","2026-09-29","US26441C5013","DUK","DUKE ENERGY CORP","Utility",23.83,21.81,-8.477,0.95998,0.0045,0.4892,0.48472,53208966.0,"SELL"
"2026-08-31","2026-09-29","US61762V6065","MS","MORGAN STANLEY","Financial Institutions",22.47,21.42,-4.673,0.99987,0.0043,0.4805,0.47618,52270620.0,"SELL"
"2026-08-31","2026-09-29","US61763E2072","MS","MORGAN STANLEY DS","Financial Institutions",25.29,25.0,-1.147,1.03686,0.0041,0.4767,0.47256,51873362.0,"SELL"
"2026-08-31","2026-09-29","US61747S5047","MS","MORGAN STANLEY","Financial Institutions",18.88,19.21,1.748,1.06722,0.004,0.474,0.47,51593005.0,"SELL"
"2026-08-31","2026-09-29","US00206R5081","T","AT&T INC","Industrial",17.62,17.43,-1.078,1.03758,0.004,0.4703,0.46633,51189812.0,"SELL"
"2026-08-31","2026-09-29","US0200028381","ALL","ALLSTATE CORPORATION (THE)","Financial Institutions",18.63,18.18,-2.415,1.02355,0.0041,0.4703,0.4662,51175792.0,"SELL"
"2026-08-31","2026-09-29","US06053U6010","BAC","BANK AMER DS REPRESENTING NON CU","Financial Institutions",20.98,19.32,-7.912,0.9659,0.0043,0.4639,0.45957,50447929.0,"SELL"
"2026-08-31","2026-09-29","US61762V8616","MS","MORGAN STANLEY","Financial Institutions",16.42,15.62,-4.872,0.99778,0.0041,0.4566,0.45252,49673877.0,"SELL"
"2026-08-31","2026-09-29","US14040H7825","COF","CAPITAL ONE FINANCIAL CORPORATION","Financial Institutions",16.75,15.95,-4.776,0.99879,0.004,0.4472,0.44322,48653323.0,"SELL"
"2026-08-31","2026-09-29","US04686J8615","ATH","ATHENE HOLDING DS REPRESENTING P","Financial Institutions",23.82,22.96,-3.61,1.01102,0.0039,0.4442,0.44031,48333673.0,"SELL"
"2026-08-31","2026-09-29","US8629452017","ASSE","STRIVE INC","Industrial",100.01,100.01,0.0,1.04889,0.0037,0.4398,0.43605,47866072.0,"SELL"
"2026-08-31","2026-09-29","US94988U1280","WFC","WELLS FARGO & COMPANY","Financial Institutions",17.56,16.74,-4.67,0.99991,0.0039,0.4393,0.43545,47799446.0,"SELL"
"2026-08-31","2026-09-29","US5949728878","MSTR","STRATEGY INC","Industrial",72.5,74.66,2.979,1.08014,0.0036,0.4312,0.42759,46937322.0,"SELL"
"2026-08-31","2026-09-29","US5949728613","MSTR","STRATEGY INC","Industrial",72.65,72.98,0.454,1.05365,0.0036,0.4281,0.42445,46592850.0,"SELL"
"2026-08-31","2026-09-29","US0605051798","BAC","BANK OF AMERICA CORP","Financial Institutions",25.05,23.35,-6.786,0.97771,0.0039,0.426,0.42209,46333465.0,"SELL"
"2026-08-31","2026-09-29","US95002Y4008","WFC","WELLS FARGO & COMPANY","Financial Institutions",16.07,15.18,-5.538,0.9908,0.0038,0.4256,0.42184,46306377.0,"SELL"
"2026-08-31","2026-09-29","US55261F8648","MTB","M T BK DEP INT PERP PFD STK SER J","Financial Institutions",26.8,25.18,-6.045,0.98548,0.0038,0.4247,0.42093,46205628.0,"SELL"
"2026-08-31","2026-09-29","US98389B8789","XEL","XCEL ENERGY INC","Utility",22.45,20.96,-6.637,0.97927,0.0038,0.4234,0.4196,46060096.0,"SELL"
"2026-08-31","2026-09-29","US9029731554","USB","US BANCORP","Financial Institutions",18.2,18.61,2.253,1.07252,0.0035,0.4174,0.41395,45439352.0,"SELL"
"2026-08-31","2026-09-29","US06055H2022","BAC","BANK OF AMERICA CORPORATION DEPOSI","Financial Institutions",19.5,18.11,-7.128,0.97412,0.0037,0.4094,0.40574,44538592.0,"SELL"
"2026-08-31","2026-09-29","US0357108705","NLY","ANNALY CAPITAL MANAGEMENT INC","Financial Institutions",25.94,25.27,-2.583,1.0218,0.0036,0.4081,0.40453,44405829.0,"SELL"
"2026-08-31","2026-09-29","US1729672428","C","CITIGROUP INC","Financial Institutions",24.2,22.61,-6.57,0.97997,0.0037,0.4057,0.40204,44132878.0,"SELL"
"2026-08-31","2026-09-29","US7593518852","RGA","REINSURANCE GROUP OF AMERICA INCOR","Financial Institutions",25.66,25.32,-1.325,1.03499,0.0034,0.398,0.39463,43319172.0,"SELL"
"2026-08-31","2026-09-29","US8425878001","SO","SOUTHERN COMPANY (THE)","Utility",18.25,17.44,-4.438,1.00233,0.0035,0.3923,0.38881,42680427.0,"SELL"
"2026-08-31","2026-09-29","US59156R8503","MET","METLIFE INC","Financial Institutions",17.64,16.83,-4.592,1.00072,0.0034,0.3786,0.37521,41187721.0,"SELL"
"2026-08-31","2026-09-29","US00775V1044","AEGON","AEGON FUNDING CORPORATION II","Financial Institutions",17.77,17.73,-0.225,1.04653,0.0031,0.3679,0.36479,40043259.0,"SELL"
"2026-08-31","2026-09-29","US95002Y2028","WFC","WELLS FARGO & COMPANY","Financial Institutions",16.39,15.52,-5.308,0.99321,0.0033,0.3655,0.36225,39764404.0,"SELL"
"2026-08-31","2026-09-29","US59156R8768","MET","METLIFE INC","Financial Institutions",21.01,19.94,-5.093,0.99547,0.0032,0.3612,0.35795,39292881.0,"SELL"
"2026-08-31","2026-09-29","US8085136005","SCHW","CHARLES SCHWAB CORPORATION (THE)","Financial Institutions",23.23,21.27,-8.437,0.96039,0.0033,0.3578,0.35453,38917255.0,"SELL"
"2026-08-31","2026-09-29","US48128B6222","JPM","JPMORGAN CHASE & CO","Financial Institutions",18.73,17.58,-6.14,0.98449,0.0032,0.3564,0.3532,38771140.0,"SELL"
"2026-08-31","2026-09-29","US0200027888","ALL","ALLSTATE DEP REPSTG TH NON CUM PE","Financial Institutions",25.85,26.1,0.967,1.05903,0.003,0.3523,0.34928,38340602.0,"SELL"
"2026-08-31","2026-09-29","US89832Q6952","TFC","TRUIST FINANCIAL DRC CORP","Financial Institutions",17.55,16.52,-5.869,0.98733,0.0031,0.3428,0.33968,37287246.0,"SELL"
"2026-08-31","2026-09-29","US03769M2052","APO","APOLLO GLOBAL MANAGEMENT INC","Financial Institutions",25.65,25.16,-1.91,1.02885,0.0029,0.3394,0.33649,36936603.0,"SELL"
"2026-08-31","2026-09-29","US3453708451","F","FORD MOTOR COMPANY","Industrial",19.51,18.56,-4.869,0.99781,0.003,0.3331,0.33006,36231696.0,"SELL"
"2026-08-31","2026-09-29","US4932678430","KEY","KEYCORP","Financial Institutions",25.17,24.59,-2.304,1.02472,0.0029,0.3321,0.32921,36137936.0,"SELL"
"2026-08-31","2026-09-29","US06055H8060","BAC","BANK OF AMERICA CORP","Financial Institutions",16.27,15.54,-4.487,1.00183,0.0029,0.3318,0.32891,36105278.0,"SELL"
"2026-08-31","2026-09-29","US00123Q8722","AGNC","AGNC INVESTMENT CORP","Financial Institutions",25.44,25.18,-1.022,1.03817,0.0028,0.3248,0.32197,35343466.0,"SELL"
"2026-08-31","2026-09-29","US0605051954","BAC","BANK OF AMERICA DEP REPRESENTING","Financial Institutions",23.7,21.87,-7.722,0.9679,0.003,0.3235,0.32048,35179911.0,"SELL"
"2026-08-31","2026-09-29","US3453708378","F","FORD MOTOR COMPANY","Industrial",20.14,19.15,-4.916,0.99733,0.0029,0.3233,0.32039,35170041.0,"SELL"
"2026-08-31","2026-09-29","US38143Y6656","GS","GOLDMAN SACHS GROUP INC","Financial Institutions",19.05,19.16,0.577,1.05494,0.0027,0.3223,0.31962,35085450.0,"SELL"
"2026-08-31","2026-09-29","US8168516040","SRE","SEMPRA ENERGY","Utility",20.21,18.8,-6.977,0.97571,0.0029,0.3205,0.31762,34865449.0,"SELL"
"2026-08-31","2026-09-29","US29452E2000","EQH","EQUITABLE HLDNGS DRC REPRESENTING","Financial Institutions",18.99,17.86,-5.951,0.98647,0.0029,0.3184,0.31554,34637648.0,"SELL"
"2026-08-31","2026-09-29","US55261F8499","MTB","M&T BANK CORPORATION","Financial Institutions",25.22,23.31,-7.573,0.96945,0.0029,0.3144,0.31151,34195358.0,"SELL"
"2026-08-31","2026-09-29","US46817M2061","JXN","JACKSON FINANCIAL INC","Financial Institutions",25.74,25.5,-0.932,1.03911,0.0027,0.3126,0.30988,34015525.0,"SELL"
"2026-08-31","2026-09-29","US94988U6560","WFC","WELLS FARGO & COMPANY","Financial Institutions",22.22,20.04,-9.811,0.94598,0.0029,0.3102,0.30728,33730585.0,"SELL"
"2026-08-31","2026-09-29","US12542R8034","CHSINC","CHS CUMULATIVE REDEEMABLE PREF CLA","Industrial",25.99,25.63,-1.385,1.03436,0.0027,0.3096,0.30689,33688254.0,"SELL"
"2026-08-31","2026-09-29","US04686J8383","ATH","ATHENE HOLDING LTD","Financial Institutions",24.84,23.7,-4.589,1.00075,0.0027,0.3068,0.30412,33383166.0,"SELL"
"2026-08-31","2026-09-29","US87165B2025","SYF","SYNCHRONY FINANCIAL","Financial Institutions",18.54,18.0,-2.913,1.01834,0.0027,0.3038,0.30106,33047843.0,"SELL"
"2026-08-31","2026-09-29","US48251W6093","KKR","KKR & CO INC","Financial Institutions",23.38,22.41,-4.149,1.00537,0.0026,0.2966,0.294,32272940.0,"SELL"
"2026-08-31","2026-09-29","US12542R7044","CHSINC","CHS INC","Industrial",25.54,25.1,-1.723,1.03082,0.0025,0.2926,0.29005,31839289.0,"SELL"
"2026-08-31","2026-09-29","US0200023093","ALL","ALLSTATE CORPORATION (THE)","Financial Institutions",25.61,25.86,0.976,1.05913,0.0024,0.2909,0.28847,31666175.0,"SELL"
"2026-08-31","2026-09-29","US59156R5046","MET","METLIFE INC","Financial Institutions",20.98,21.33,1.668,1.06639,0.0024,0.2883,0.28587,31380905.0,"SELL"
"2026-08-31","2026-09-29","US8425878670","SO","SOUTHERN COMPANY (THE)","Utility",25.04,22.65,-9.545,0.94877,0.0027,0.2881,0.28544,31332666.0,"SELL"
"2026-08-31","2026-09-29","US82452J3077","FOUR","SHIFT4 PAYMENTS INC","Industrial",56.26,51.02,-9.314,0.95119,0.0027,0.2871,0.28443,31222242.0,"SELL"
"2026-08-31","2026-09-29","US5341878859","LNC","LINCOLN NATIONAL CORPORATION","Financial Institutions",26.3,25.7,-2.281,1.02496,0.0025,0.2864,0.28389,31163251.0,"SELL"
"2026-08-31","2026-09-29","US87165B4005","SYF","SYNCHRONY FINANCIAL","Financial Institutions",25.9,25.43,-1.815,1.02985,0.0025,0.2852,0.28274,31036386.0,"SELL"
"2026-08-31","2026-09-29","US05990K8412","BANC","BANC OF CALIFORNIA INC","Financial Institutions",25.19,24.73,-1.826,1.02973,0.0024,0.2829,0.28048,30788921.0,"SELL"
"2026-08-31","2026-09-29","US1258968452","CMS","CMS ENERGY CORPORATION","Utility",21.16,19.93,-5.813,0.98792,0.0025,0.2816,0.27915,30642402.0,"SELL"
"2026-08-31","2026-09-29","US06055H4002","BAC","BANK OF AMERICA CORP","Financial Institutions",16.65,15.99,-3.964,1.00731,0.0025,0.2813,0.27877,30600870.0,"SELL"
"2026-08-31","2026-09-29","US4932677028","KEY","KEYCORP","Financial Institutions",24.96,24.98,0.08,1.04973,0.0024,0.2802,0.27779,30493298.0,"SELL"
"2026-08-31","2026-09-29","US7591EP8604","RF","REGIONS FINANCIAL CORPORATION","Financial Institutions",25.46,24.97,-1.925,1.0287,0.0024,0.2801,0.27768,30480986.0,"SELL"
"2026-08-31","2026-09-29","US8794337613","TDS","TELEPHONE AND DATA SYSTEMS INC","Industrial",19.19,17.96,-6.41,0.98166,0.0025,0.2791,0.2766,30362799.0,"SELL"
"2026-08-31","2026-09-29","US2333317921","DTE","DTE ENERGY COMPANY","Utility",23.13,20.72,-10.419,0.9396,0.0026,0.2789,0.27628,30327462.0,"SELL"
"2026-08-31","2026-09-29","US21871X2080","CRBG","COREBRIDGE FINANCIAL INC","Financial Institutions",21.66,20.65,-4.663,0.99998,0.0025,0.2787,0.27615,30313735.0,"SELL"
"2026-08-31","2026-09-29","US04686J5074","ATH","ATHENE HLDG LTD DEP SHR REPSTG I","Financial Institutions",25.27,24.82,-1.781,1.03021,0.0024,0.2784,0.27599,30296298.0,"SELL"
"2026-08-31","2026-09-29","US7838922018","EIX","SCE TRUST VII","Utility",23.68,22.4,-5.405,0.99219,0.0025,0.2764,0.27386,30061511.0,"SELL"
"2026-08-31","2026-09-29","US82846H5046","QXO","QXO INC","Industrial",40.67,42.0,3.27,1.08319,0.0023,0.2754,0.27313,29981604.0,"SELL"
"2026-08-31","2026-09-29","US6494452021","FLG","NEW YORK COMMUNITY BANCORP INT FXD","Financial Institutions",24.0,23.62,-1.583,1.03228,0.0024,0.2737,0.27127,29777386.0,"SELL"
"2026-08-31","2026-09-29","US7591EP7044","RF","REGIONS FINANCIAL CORPORATION","Financial Institutions",24.5,24.08,-1.714,1.03091,0.0023,0.2701,0.26779,29396146.0,"SELL"
"2026-08-31","2026-09-29","US3453708113","F","FORD MOTOR COMPANY","Industrial",20.9,19.82,-5.167,0.99469,0.0024,0.2668,0.26436,29019707.0,"SELL"
"2026-08-31","2026-09-29","US9029737593","USB","US BANCORP","Financial Institutions",20.84,20.43,-1.967,1.02825,0.0023,0.2635,0.26121,28673116.0,"SELL"
"2026-08-31","2026-09-29","US12542R5063","CHSINC","CHS RESET RATE CUMULATIVE REDEEMAB","Industrial",24.5,23.77,-2.98,1.01763,0.0023,0.2635,0.2612,28672811.0,"SELL"
"2026-08-31","2026-09-29","US64828T7063","RITM","NEW RESIDENTIAL INVESTMENT CORP","Financial Institutions",25.11,25.25,0.558,1.05474,0.0022,0.2634,0.26118,28670611.0,"SELL"
"2026-08-31","2026-09-29","US8425878837","SO","SOUTHERN COMPANY (THE)","Utility",15.8,15.51,-1.835,1.02964,0.0023,0.2621,0.25976,28514559.0,"SELL"
"2026-08-31","2026-09-29","US3167738372","FITB","FIFTH THIRD BANCORP DEPOSITARY SHA","Financial Institutions",25.44,25.46,0.079,1.04971,0.0022,0.257,0.2548,27970194.0,"SELL"
"2026-08-31","2026-09-29","US7443208050","PRU","PRUDENTIAL FINANCIAL INC","Financial Institutions",20.41,19.94,-2.303,1.02473,0.0022,0.2527,0.25052,27499709.0,"SELL"
"2026-08-31","2026-09-29","US9029738666","USB","US BANCORP","Financial Institutions",767.04,774.0,0.907,1.0584,0.0021,0.2494,0.24728,27144312.0,"SELL"
"2026-08-31","2026-09-29","US9029737189","USB","US BANCORP","Financial Institutions",15.01,14.74,-1.799,1.03002,0.0022,0.2491,0.24692,27104785.0,"SELL"
"2026-08-31","2026-09-29","US97650W7020","WTFC","WINTRUST FINANCIAL CORPORATION","Financial Institutions",26.19,26.0,-0.725,1.04128,0.0021,0.2486,0.24647,27055830.0,"SELL"
"2026-08-31","2026-09-29","US0357108622","NLY","ANNALY CAPITAL MANAGEMENT INC","Financial Institutions",25.48,24.98,-1.962,1.0283,0.0021,0.2479,0.24584,26985914.0,"SELL"
"2026-08-31","2026-09-29","BMG1624R1079","BPY","BROOKFIELD PROPERTY PREFERRED PREF","Industrial",17.0,16.2,-4.706,0.99953,0.0022,0.2439,0.24167,26528630.0,"SELL"
"2026-08-31","2026-09-29","US0357108473","NLY","ANNALY CAPITAL MANAGEMENT INC","Financial Institutions",25.61,25.16,-1.757,1.03046,0.0021,0.2399,0.23775,26098615.0,"SELL"
"2026-08-31","2026-09-29","US89832Q7455","TFC","TRUIST FINANCIAL PERPETUAL PREF SE","Financial Institutions",19.33,18.48,-4.397,1.00276,0.0021,0.2395,0.23737,26056448.0,"SELL"
"2026-08-31","2026-09-29","US9182842099","VSEC","VSE CORP","Industrial",53.77,45.5,-15.38,0.88756,0.0024,0.2357,0.23329,25608849.0,"SELL"
"2026-08-31","2026-09-29","US12542R3084","CHSINC","CHS INC","Industrial",25.2,24.48,-2.857,1.01892,0.002,0.2318,0.2298,25225116.0,"SELL"
"2026-08-31","2026-09-29","US00123Q8318","AGNC","AGNC INVESTMENT CORP","Financial Institutions",25.72,25.57,-0.583,1.04277,0.002,0.2309,0.22887,25122858.0,"SELL"
"2026-08-31","2026-09-29","US55261F8721","MTB","M&T BANK CORPORATION","Financial Institutions",24.24,22.54,-7.013,0.97533,0.0021,0.2277,0.22557,24760705.0,"SELL"
"2026-08-31","2026-09-29","US06055H6080","BAC","BANK OF AMERICA DRC CORP","Financial Institutions",16.08,15.48,-3.731,1.00975,0.002,0.2273,0.22528,24729310.0,"SELL"
"2026-08-31","2026-09-29","US26441C4024","DUK","DUKE ENERGY CORP","Utility",22.1,20.08,-9.14,0.95302,0.0021,0.2252,0.22313,24493080.0,"SELL"
"2026-08-31","2026-09-29","US3167736053","FITB","FIFTH THIRD BANCORP DEPOSITARY SHA","Financial Institutions",25.81,24.9,-3.526,1.01191,0.002,0.2246,0.22256,24430486.0,"SELL"
"2026-08-31","2026-09-29","US1746108083","CFG","CITIZENS FINANCIAL GROUP INC","Financial Institutions",25.93,24.8,-4.358,1.00318,0.002,0.2237,0.22165,24330895.0,"SELL"
"2026-08-31","2026-09-29","US14040H7585","COF","CAPITAL ONE FINANCIAL CORPORATION","Financial Institutions",15.23,14.66,-3.743,1.00963,0.002,0.222,0.21997,24146359.0,"SELL"
"2026-08-31","2026-09-29","US8574778556","STT","STATE STREET CORP","Financial Institutions",20.63,19.65,-4.75,0.99906,0.002,0.2204,0.2184,23974618.0,"SELL"
"2026-08-31","2026-09-29","US0082528276","AMG","AFFILIATED MANAGERS GROUP INC.","Financial Institutions",22.24,21.48,-3.417,1.01304,0.0019,0.218,0.21606,23717705.0,"SELL"
"2026-08-31","2026-09-29","US05461T3059","AXS","AXIS CAPITAL HOLDINGS LTD","Financial Institutions",18.38,17.75,-3.428,1.01294,0.0019,0.2176,0.21568,23675213.0,"SELL"
"2026-08-31","2026-09-29","US64828T5083","RITM","NEW RESIDENTIAL INVESTMENT CORP","Financial Institutions",24.84,24.37,-1.892,1.02904,0.0019,0.2173,0.21543,23648616.0,"SELL"
"2026-08-31","2026-09-29","US1746106004","CFG","CITIZENS FINANCIAL GROUP INC","Financial Institutions",24.81,24.08,-2.942,1.01803,0.0019,0.2172,0.2153,23634029.0,"SELL"
"2026-08-31","2026-09-29","US8085138654","SCHW","CHARLES SCHWAB CORPORATION (THE)","Financial Institutions",16.88,15.87,-5.983,0.98613,0.0019,0.2136,0.2117,23238645.0,"SELL"
"2026-08-31","2026-09-29","US31959X4007","FCNCA","FIRST CITIZENS BANCSHARES INC (DEL","Financial Institutions",24.85,23.37,-5.956,0.98642,0.0019,0.2108,0.20889,22930352.0,"SELL"
"2026-08-31","2026-09-29","US0158578080","AQNCN","ALGONQUIN POWER & UTILITIES CORP","Utility",26.34,26.19,-0.569,1.04291,0.0018,0.2056,0.20381,22372901.0,"SELL"
"2026-08-31","2026-09-29","US3205178409","FHN","FIRST HORIZON CORP","Financial Institutions",24.4,22.72,-6.885,0.97667,0.0019,0.205,0.20305,22289619.0,"SELL"
"2026-08-31","2026-09-29","US72348N3070","PNFP","PINNACLE FINANCIAL PARTNERS NON CU","Financial Institutions",26.22,25.9,-1.22,1.03609,0.0018,0.2045,0.2027,22250330.0,"SELL"
"2026-08-31","2026-09-29","US61762V8046","MS","MORGAN STANLEY","Financial Institutions",18.79,18.02,-4.098,1.0059,0.0018,0.2036,0.20182,22154221.0,"SELL"
"2026-08-31","2026-09-29","US74460W5528","PSA","PUBLIC STORAGE","Financial Institutions",17.13,16.0,-6.597,0.9797,0.0018,0.2028,0.20098,22062155.0,"SELL"
"2026-08-31","2026-09-29","US4932678760","KEY","KEYCORP","Financial Institutions",20.21,19.21,-4.948,0.99699,0.0017,0.1939,0.19221,21099663.0,"SELL"
"2026-08-31","2026-09-29","US04686J4085","ATH","ATHENE HOLDING DS REPRESENTING A","Financial Institutions",16.25,14.94,-8.062,0.96433,0.0018,0.1938,0.19202,21078331.0,"SELL"
"2026-08-31","2026-09-29","US00123Q5009","AGNC","AGNC INVESTMENT CORP","Financial Institutions",25.66,25.02,-2.494,1.02273,0.0017,0.1936,0.19192,21067378.0,"SELL"
"2026-08-31","2026-09-29","US06055H8714","BAC","BANK OF AMERICA CORP","Financial Institutions",18.37,17.31,-5.77,0.98836,0.0017,0.1914,0.18967,20819974.0,"SELL"
"2026-08-31","2026-09-29","US8425874042","SO","SOUTHERN COMPANY (THE)","Utility",19.64,18.5,-5.804,0.988,0.0017,0.1878,0.18614,20432693.0,"SELL"
"2026-08-31","2026-09-29","US87264A1051","TMUS","T-MOBILE USA INC","Industrial",23.09,21.12,-8.532,0.9594,0.0017,0.1875,0.18579,20394427.0,"SELL"
"2026-08-31","2026-09-29","US74460W4612","PSA","PUBLIC STORAGE","Financial Institutions",14.79,13.82,-6.558,0.9801,0.0017,0.1872,0.18547,20359486.0,"SELL"
"2026-08-31","2026-09-29","US00123Q8078","AGNC","AGNC INVESTMENT CORP","Financial Institutions",25.86,25.64,-0.851,1.03996,0.0016,0.1869,0.18532,20342545.0,"SELL"
"2026-08-31","2026-09-29","US74913G8731","CTL","QWEST CORP","Industrial",16.69,16.03,-3.954,1.00741,0.0016,0.1864,0.18483,20289322.0,"SELL"
"2026-08-31","2026-09-29","US8794337878","TDS","TELEPHONE DATA SYS DRC INC","Industrial",21.0,19.78,-5.81,0.98795,0.0017,0.1864,0.18466,20270636.0,"SELL"
"2026-08-31","2026-09-29","US4932678687","KEY","KEYCORP","Financial Institutions",20.4,19.25,-5.637,0.98976,0.0016,0.1835,0.18191,19968875.0,"SELL"
"2026-08-31","2026-09-29","US30190A2033","FG","F&G ANNUITIES & LIFE INC","Financial Institutions",24.82,23.85,-3.908,1.0079,0.0016,0.1834,0.18179,19955340.0,"SELL"
"2026-08-31","2026-09-29","US4461507737","HBAN","HUNTINGTON BANCSHARES INC","Financial Institutions",25.2,25.07,-0.516,1.04348,0.0016,0.183,0.18136,19907842.0,"SELL"
"2026-08-31","2026-09-29","US8726521029","TPG","TPG OPERATING GROUP II LP","Financial Institutions",22.56,20.15,-10.683,0.93684,0.0017,0.1819,0.18015,19775530.0,"SELL"
"2026-08-31","2026-09-29","US9633202059","WHR","WHIRLPOOL CORPORATION","Industrial",34.7,28.21,-18.703,0.85271,0.0019,0.1819,0.18003,19762675.0,"SELL"
"2026-08-31","2026-09-29","US62913M2061","NGL","NGL ENERGY PARTNERS LP","Industrial",26.06,25.9,-0.614,1.04245,0.0015,0.1801,0.17856,19600513.0,"SELL"
"2026-08-31","2026-09-29","US12542R2094","CHSINC","CHS INC. (8% CUMULATIVE REDEEMABLE","Industrial",26.69,25.98,-2.66,1.02098,0.0016,0.1799,0.17834,19576804.0,"SELL"
"2026-08-31","2026-09-29","US74965L2007","RLJ","RLJ LODGING .95 CUMULATIVE CONVERT","Financial Institutions",25.37,24.5,-3.429,1.01292,0.0016,0.177,0.17535,19248480.0,"SELL"
"2026-08-31","2026-09-29","US9027884058","UMBF","UMB FINANCIAL CORPORATION","Financial Institutions",26.5,25.93,-2.151,1.02633,0.0015,0.1757,0.17416,19118084.0,"SELL"
"2026-08-31","2026-09-29","US78410V2007","EIX","SCE TRUST VI","Financial Institutions",16.57,16.32,-1.509,1.03306,0.0015,0.175,0.17354,19050054.0,"SELL"
"2026-08-31","2026-09-29","US4461508230","HBAN","HUNTINGTON BANCSHARES DRC INC","Financial Institutions",16.52,15.6,-5.569,0.99047,0.0016,0.175,0.17338,19031944.0,"SELL"
"2026-08-31","2026-09-29","US29364D1000","ETR","ENTERGY ARKANSAS LLC","Utility",19.53,18.75,-3.994,1.007,0.0015,0.1725,0.17095,18765980.0,"SELL"
"2026-08-31","2026-09-29","US14314C1053","CG","CARLYLE FINANCE LLC","Financial Institutions",15.99,15.25,-4.628,1.00035,0.0015,0.1711,0.16955,18611982.0,"SELL"
"2026-08-31","2026-09-29","US48253M1045","KKR","KKR GROUP FINANCE CO IX LLC","Financial Institutions",16.18,15.12,-6.551,0.98017,0.0015,0.1706,0.16908,18560011.0,"SELL"
"2026-08-31","2026-09-29","US4165186036","HIG","HARTFORD FINANCIAL SERVICES GROUP","Financial Institutions",24.43,21.91,-10.315,0.94069,0.0016,0.1706,0.16902,18553275.0,"SELL"
"2026-08-31","2026-09-29","US05580M8192","RILY","B. RILEY FINANCIAL INC","Financial Institutions",20.66,19.8,-4.163,1.00523,0.0015,0.1705,0.16899,18550323.0,"SELL"
"2026-08-31","2026-09-29","US87264A2042","TMUS","T-MOBILE USA INC","Industrial",20.06,18.84,-6.082,0.9851,0.0015,0.1705,0.16899,18549755.0,"SELL"
"2026-08-31","2026-09-29","US03939A4040","ACGL","ARCH CAPITAL GROUP LTD.","Financial Institutions",15.81,15.07,-4.681,0.99979,0.0015,0.1701,0.16861,18509047.0,"SELL"
"2026-08-31","2026-09-29","US7443208886","PRU","PRUDENTIAL FINANCIAL INC","Financial Institutions",15.3,15.11,-1.242,1.03586,0.0015,0.1695,0.16798,18439606.0,"SELL"
"2026-08-31","2026-09-29","US0454876006","ASB","ASSOCIATED BANC-CORP","Financial Institutions",24.66,24.95,1.176,1.06122,0.0014,0.1691,0.16769,18407324.0,"SELL"
"2026-08-31","2026-09-29","US1746104025","CFG","CITIZENS FINANCIAL GROUP INC","Financial Institutions",18.18,16.76,-7.811,0.96696,0.0016,0.1692,0.16758,18395853.0,"SELL"
"2026-08-31","2026-09-29","US9576384062","WAL","WESTERN ALLIANCE BANCORP","Financial Institutions",24.83,24.82,-0.04,1.04846,0.0014,0.1682,0.16684,18314113.0,"SELL"
"2026-08-31","2026-09-29","US16934Q4064","CIM","CHIMERA INVESTMENT CORP","Financial Institutions",24.86,23.07,-7.2,0.97336,0.0015,0.1682,0.16668,18296903.0,"SELL"
"2026-08-31","2026-09-29","US8935266812","TRPCN","TRANSCANADA PIPELINES LTD","Industrial",21.96,20.24,-7.832,0.96673,0.0015,0.168,0.16649,18275926.0,"SELL"
"2026-08-31","2026-09-29","US30190A6091","FG","F&G ANNUITIES & LIFE INC","Financial Institutions",20.97,20.1,-4.149,1.00537,0.0015,0.168,0.16649,18275646.0,"SELL"
"2026-08-31","2026-09-29","US87264A3032","TMUS","T-MOBILE USA INC","Industrial",20.11,18.9,-6.017,0.98578,0.0015,0.1674,0.16587,18207390.0,"SELL"
"2026-08-31","2026-09-29","US0256768591","ANGINC","AMERICAN NATIONAL GROUP INC","Financial Institutions",23.18,24.26,4.659,1.09776,0.0013,0.1649,0.16355,17953607.0,"SELL"
"2026-08-31","2026-09-29","US9029736686","USB","US BANCORP","Financial Institutions",16.95,16.3,-3.835,1.00866,0.0015,0.1645,0.16304,17897112.0,"SELL"
"2026-08-31","2026-09-29","US6658598569","NTRS","NORTHERN TRUST CORPORATION","Financial Institutions",18.94,18.15,-4.171,1.00514,0.0015,0.164,0.1625,17837910.0,"SELL"
"2026-08-31","2026-09-29","US2333318598","DTE","DTE ENERGY COMPANY","Utility",19.48,18.22,-6.468,0.98104,0.0015,0.1635,0.16198,17780439.0,"SELL"
"2026-08-31","2026-09-29","US80620A2087","EIX","SCE TRUST VIII","Utility",22.43,20.74,-7.535,0.96986,0.0015,0.1628,0.16133,17709033.0,"SELL"
"2026-08-31","2026-09-29","US7244795065","PBI","PITNEY BOWES INC","Industrial",21.85,20.71,-5.217,0.99416,0.0014,0.1612,0.15982,17543802.0,"SELL"
"2026-08-31","2026-09-29","US64828T8889","RITM","NEW RESIDENTIAL INVESTMENT CORP","Financial Institutions",25.42,25.37,-0.197,1.04682,0.0014,0.1602,0.15882,17433464.0,"SELL"
"2026-08-31","2026-09-29","BMG7498P1279","RNR","RENAISSANCERE HOLDINGS LTD","Financial Institutions",14.72,14.12,-4.076,1.00613,0.0014,0.1595,0.15808,17352578.0,"SELL"
"2026-08-31","2026-09-29","US0357108218","NLY","ANNALY CAPITAL MANAGEMENT INC","Financial Institutions",26.4,25.56,-3.182,1.01551,0.0014,0.1577,0.15629,17155884.0,"SELL"
"2026-08-31","2026-09-29","US9290892093","VOYA","VOYA FINANCIAL INC","Financial Institutions",23.44,23.11,-1.408,1.03412,0.0013,0.1567,0.15537,17055089.0,"SELL"
"2026-08-31","2026-09-29","US9029737346","USB","US BANCORP","Financial Institutions",14.06,13.92,-0.996,1.03844,0.0013,0.1561,0.15483,16996367.0,"SELL"
"2026-08-31","2026-09-29","US9030025095","UMH","UMH PROPERTIES INC","Financial Institutions",21.57,20.7,-4.033,1.00658,0.0013,0.1507,0.1494,16399806.0,"SELL"
"2026-08-31","2026-09-29","US10922N7075","BHF","BRIGHTHOUSE FINANCIAL INC","Financial Institutions",11.79,11.56,-1.951,1.02843,0.0013,0.1503,0.14897,16352377.0,"SELL"
"2026-08-31","2026-09-29","US91529Y6014","UNM","UNUM GROUP","Financial Institutions",21.41,21.46,0.234,1.05134,0.0012,0.146,0.14477,15891727.0,"SELL"
"2026-08-31","2026-09-29","US3196263053","FCNCA","FIRST CITIZENS BANCSHARES INC.","Financial Institutions",19.79,18.36,-7.226,0.9731,0.0013,0.1432,0.14187,15573586.0,"SELL"
"2026-08-31","2026-09-29","US74913G8814","CTL","QWEST CORP","Industrial",17.26,16.57,-3.998,1.00696,0.0013,0.1418,0.14052,15425011.0,"SELL"
"2026-08-31","2026-09-29","US7443208704","PRU","PRUDENTIAL FINANCIAL INC","Financial Institutions",21.63,21.06,-2.635,1.02125,0.0012,0.1417,0.14051,15424327.0,"SELL"
"2026-08-31","2026-09-29","US7591EP8869","RF","REGIONS FINL DRC CORP","Financial Institutions",16.28,15.55,-4.484,1.00185,0.0012,0.1407,0.13946,15308942.0,"SELL"
"2026-08-31","2026-09-29","US2538688225","DLR","DIGITAL REALTY TRUST INC","Financial Institutions",19.45,18.1,-6.941,0.97609,0.0013,0.1401,0.13877,15232885.0,"SELL"
"2026-08-31","2026-09-29","US03939A1079","ACGL","ARCH CAPITAL GROUP LTD.","Financial Institutions",18.95,18.52,-2.269,1.02509,0.0012,0.1382,0.13701,15039469.0,"SELL"
"2026-08-31","2026-09-29","US14040H7338","COF","CAPITAL ONE FINL DS REPSTG TH PRF","Financial Institutions",15.19,14.34,-5.596,0.99019,0.0012,0.1378,0.13661,14996128.0,"SELL"
"2026-08-31","2026-09-29","US0605055831","BAC","BANK OF AMERICA CORPORATION PFD 1","Financial Institutions",19.38,19.81,2.219,1.07216,0.0011,0.1377,0.13657,14991488.0,"SELL"
"2026-08-31","2026-09-29","US55272X5086","MFA","MFA FINANCIAL INC","Financial Institutions",23.58,22.24,-5.683,0.98928,0.0012,0.1372,0.13601,14929491.0,"SELL"
"2026-08-31","2026-09-29","US8805913006","TVA","TENN VALLEY AUTHORITY","Agency",23.98,23.75,-0.959,1.03883,0.0012,0.1366,0.13544,14867658.0,"SELL"
"2026-08-31","2026-09-29","US64828T4094","RITM","RITHM CAPITAL CORP","Financial Institutions",24.92,24.36,-2.247,1.02532,0.0012,0.1366,0.13541,14864242.0,"SELL"
"2026-08-31","2026-09-29","US74460W4208","PSA","PUBLIC STORAGE","Financial Institutions",14.87,13.83,-6.994,0.97553,0.0012,0.136,0.13484,14801217.0,"SELL"
"2026-08-31","2026-09-29","US48251K2096","KREF","KKR REAL ESTATE FINANCE TRUST INC","Financial Institutions",18.27,18.45,0.985,1.05922,0.0011,0.1356,0.13454,14768125.0,"SELL"
"2026-08-31","2026-09-29","US10922N5095","BHF","BRIGHTHOUSE FINANCIAL INC","Financial Institutions",14.39,14.05,-2.363,1.0241,0.0012,0.1351,0.1339,14698794.0,"SELL"
"2026-08-31","2026-09-29","US4440973075","HPP","HUDSON PACIFIC PROPERTIES INC","Financial Institutions",14.63,14.12,-3.486,1.01232,0.0012,0.1346,0.13341,14644402.0,"SELL"
"2026-08-31","2026-09-29","US25525P2065","DHC","DIVERSIFIED HEALTHCARE .625% SENIO","Financial Institutions",18.5,17.03,-7.946,0.96554,0.0012,0.1337,0.1325,14544677.0,"SELL"
"2026-08-31","2026-09-29","US04686J2006","ATH","ATHENE HLDG DRC LTD","Financial Institutions",18.56,17.13,-7.705,0.96807,0.0012,0.1337,0.13246,14540856.0,"SELL"
"2026-08-31","2026-09-29","US00123Q6098","AGNC","AGNC INVESTMENT CORP","Financial Institutions",25.2,25.12,-0.317,1.04556,0.0011,0.1324,0.13132,14414864.0,"SELL"
"2026-08-31","2026-09-29","US0389238504","ABR","ARBOR REALTY TRUST INC","Financial Institutions",22.62,20.9,-7.604,0.96913,0.0012,0.1321,0.13088,14366562.0,"SELL"
"2026-08-31","2026-09-29","US11271L1026","BNCN","BROOKFIELD FINANCE INC","Financial Institutions",14.85,14.62,-1.549,1.03264,0.0011,0.1312,0.13008,14278665.0,"SELL"
"2026-08-31","2026-09-29","US0082528508","AMG","AFFILIATED MANAGERS GROUP INC.","Financial Institutions",19.4,19.27,-0.67,1.04186,0.0011,0.1308,0.12973,14240970.0,"SELL"
"2026-08-31","2026-09-29","US10922N2027","BHF","BRIGHTHOUSE FINANCIAL INC","Financial Institutions",14.71,14.34,-2.515,1.0225,0.0011,0.1295,0.12837,14091625.0,"SELL"
"2026-08-31","2026-09-29","US10922N3017","BHF","BRIGHTHOUSE FINANCIAL INC","Financial Institutions",15.76,15.26,-3.173,1.01561,0.0011,0.1284,0.12727,13970534.0,"SELL"
"2026-08-31","2026-09-29","US9508108878","WSBC","WESBANCO INC","Financial Institutions",25.77,25.03,-2.872,1.01877,0.0011,0.1283,0.12721,13963908.0,"SELL"
"2026-08-31","2026-09-29","US1258968528","CMS","CMS ENERGY CORPORATION","Utility",21.3,20.12,-5.54,0.99078,0.0011,0.1275,0.12638,13872812.0,"SELL"
"2026-08-31","2026-09-29","US88224Q3056","TCBI","TEXAS CAP BANCSHARES DRC INC","Financial Institutions",20.58,18.54,-9.913,0.94492,0.0012,0.1258,0.12464,13681446.0,"SELL"
"2026-08-31","2026-09-29","US74460W6443","PSA","PUBLIC STORAGE","Financial Institutions",20.83,19.65,-5.665,0.98947,0.0011,0.1256,0.12453,13669995.0,"SELL"
"2026-08-31","2026-09-29","US72348N5059","PNFP","PINNACLE FINANCIAL PARTNERS DEPOSI","Financial Institutions",24.06,24.63,2.369,1.07374,0.001,0.1243,0.12331,13536283.0,"SELL"
"2026-08-31","2026-09-29","US16934Q5053","CIM","CHIMERA INVESTMENT CORP","Financial Institutions",23.4,21.19,-9.444,0.94983,0.0012,0.1236,0.12238,13434176.0,"SELL"
"2026-08-31","2026-09-29","US2836782092","KMI","EL PASO ENERGY CAPITAL TRUST I","Industrial",50.6,49.51,-2.154,1.02629,0.0011,0.1232,0.12212,13405482.0,"SELL"
"2026-08-31","2026-09-29","US0844238057","WRB","WR BERKLEY CORPORATION","Financial Institutions",18.0,18.11,0.611,1.0553,0.001,0.1222,0.12125,13309485.0,"SELL"
"2026-08-31","2026-09-29","US3193836000","BUSE","FIRST BUSEY CORPORATION","Financial Institutions",25.84,25.05,-3.057,1.01682,0.0011,0.1219,0.12084,13264594.0,"SELL"
"2026-08-31","2026-09-29","US58844R8503","MBIN","MERCHANTS BANCORP","Financial Institutions",25.09,23.26,-7.294,0.97238,0.0011,0.1207,0.11963,13131474.0,"SELL"
"2026-08-31","2026-09-29","US74460W6856","PSA","PUBLIC STORAGE","Financial Institutions",18.74,17.75,-5.283,0.99348,0.0011,0.1206,0.11945,13112533.0,"SELL"
"2026-08-31","2026-09-29","US74460W6690","PSA","PUBLIC STORAGE REPSTG TH BEN INT","Financial Institutions",18.2,16.85,-7.418,0.97109,0.0011,0.1195,0.11844,13001071.0,"SELL"
"2026-08-31","2026-09-29","US25406P2002","DDS","DILLARDS CAP TR I CAP SECS 7.5%","Industrial",26.05,26.25,0.768,1.05694,0.001,0.1189,0.11795,12947320.0,"SELL"
"2026-08-31","2026-09-29","US6374321056","NRUC","NATIONAL RURAL UTILITIES COOPERATI","Utility",21.1,20.74,-1.706,1.03099,0.001,0.1174,0.11638,12775410.0,"SELL"
"2026-08-31","2026-09-29","US9290428104","VNO","VORNADO REALTY TRUST","Financial Institutions",17.6,16.23,-7.784,0.96724,0.0011,0.1163,0.11522,12648188.0,"SELL"
"2026-08-31","2026-09-29","US49446R7118","KIM","KIMCO RLTY DS REPRESENTING CLASS","Financial Institutions",20.4,19.8,-2.941,1.01804,0.001,0.1162,0.11519,12644676.0,"SELL"
"2026-08-31","2026-09-29","US0200028126","ALL","ALLSTATE CORPORATION (THE)","Financial Institutions",17.36,17.19,-0.979,1.03862,0.001,0.116,0.115,12623584.0,"SELL"
"2026-08-31","2026-09-29","US3733344408","SO","GEORGIA POWER COMPANY","Utility",20.48,18.95,-7.471,0.97053,0.0011,0.1159,0.11475,12596426.0,"SELL"
"2026-08-31","2026-09-29","US06417N2027","OZK","BANK OZK","Financial Institutions",16.1,14.82,-7.95,0.9655,0.0011,0.1156,0.1145,12569232.0,"SELL"
"2026-08-31","2026-09-29","US11259P1093","BEPUCN","BROOKFIELD BRP HOLDINGS (CANADA) I","Utility",15.11,14.56,-3.64,1.01071,0.001,0.1147,0.11371,12481629.0,"SELL"
"2026-08-31","2026-09-29","US29364N1081","ETR","ENTERGY LOUISIANA LLC","Utility",19.68,18.75,-4.726,0.99932,0.001,0.1147,0.11367,12478191.0,"SELL"
"2026-08-31","2026-09-29","US72348N2080","PNFP","PINNACLE FINANCIAL PARTNERS NON CU","Financial Institutions",25.38,25.27,-0.433,1.04434,0.001,0.1145,0.11354,12463696.0,"SELL"
"2026-08-31","2026-09-29","US63938C4050","NAVI","NAVIENT PRCNT SENIOR NOTES EXP D","Financial Institutions",18.39,16.64,-9.516,0.94907,0.0011,0.1131,0.11196,12289729.0,"SELL"
"2026-08-31","2026-09-29","US74460W5940","PSA","PUBLIC STORAGE DS REPRESENTING TH","Financial Institutions",19.29,17.79,-7.776,0.96733,0.001,0.1128,0.11182,12274186.0,"SELL"
"2026-08-31","2026-09-29","US74460W5379","PSA","PUBLIC STORAGE .000% CUMULATIVE OF","Financial Institutions",22.54,20.99,-6.877,0.97676,0.001,0.1127,0.11167,12258145.0,"SELL"
"2026-08-31","2026-09-29","US75968N3098","RNR","RENAISSANCERE HOLDINGS LTD","Financial Institutions",20.19,19.81,-1.882,1.02915,0.001,0.1122,0.11121,12208047.0,"SELL"
"2026-08-31","2026-09-29","BMG053841703","AHL","ASPEN INSURANCE HOLDINGS LTD","Financial Institutions",23.44,22.01,-6.101,0.9849,0.001,0.1122,0.11117,12203503.0,"SELL"
"2026-08-31","2026-09-29","US29364W1080","ETR","ENTERGY MISSISSIPPI INC","Utility",20.0,19.01,-4.95,0.99697,0.001,0.112,0.111,12184300.0,"SELL"
"2026-08-31","2026-09-29","US1170436042","BC","BRUNSWICK CORPORATION","Industrial",24.39,23.11,-5.248,0.99384,0.001,0.1115,0.11046,12125494.0,"SELL"
"2026-08-31","2026-09-29","US78440X5077","SLG","SL GREEN REALTY CORP","Financial Institutions",21.55,21.32,-1.067,1.03769,0.0009,0.11,0.1091,11975980.0,"SELL"
"2026-08-31","2026-09-29","US8805914095","TVA","TENN VALLEY AUTH","Agency",23.63,23.13,-2.116,1.02669,0.0009,0.1093,0.10837,11896192.0,"SELL"
"2026-08-31","2026-09-29","US25401T3068","DBRG","DIGITALBRIDGE GROUP .15 CUMULATIVE","Financial Institutions",15.22,14.95,-1.774,1.03028,0.0009,0.109,0.10815,11871252.0,"SELL"
"2026-08-31","2026-09-29","US35243J2006","FBRT","FRANKLIN BSP REALTY TRUST CUMULA","Financial Institutions",19.48,18.83,-3.337,1.01389,0.001,0.1091,0.10805,11861345.0,"SELL"
"2026-08-31","2026-09-29","US9290428286","VNO","VORNADO REALTY TRUST 5.4% CUM RED","Financial Institutions",17.43,16.16,-7.286,0.97246,0.001,0.1087,0.10774,11826877.0,"SELL"
"2026-08-31","2026-09-29","US05554M1009","BIP","BIP BERMUDA HOLDINGS I LTD","Financial Institutions",16.74,15.94,-4.779,0.99876,0.001,0.1084,0.10739,11788052.0,"SELL"
"2026-08-31","2026-09-29","US8606308703","SF","STIFEL FINANCIAL CORP","Financial Institutions",21.66,21.18,-2.216,1.02564,0.0009,0.1081,0.10717,11764166.0,"SELL"
"2026-08-31","2026-09-29","US05580M8358","RILY","B. RILEY FINANCIAL INC","Financial Institutions",21.75,21.59,-0.736,1.04117,0.0009,0.1072,0.10629,11668036.0,"SELL"
"2026-08-31","2026-09-29","US9388243076","WAFD","WASHINGTON FEDERAL INC","Financial Institutions",16.71,15.96,-4.488,1.00181,0.0009,0.1067,0.10581,11615287.0,"SELL"
"2026-08-31","2026-09-29","US6740014096","OAK","OAKTREE CAPITAL GROUP LLC","Financial Institutions",20.44,20.22,-1.076,1.0376,0.0009,0.1066,0.10569,11601448.0,"SELL"
"2026-08-31","2026-09-29","US37959E3009","GL","GLOBE LIFE INC","Financial Institutions",15.16,14.4,-5.013,0.9963,0.001,0.1064,0.10543,11573323.0,"SELL"
"2026-08-31","2026-09-29","US9290428443","VNO","VORNADO REALTY TRUST","Financial Institutions",17.6,15.8,-10.227,0.94161,0.001,0.1063,0.10532,11560962.0,"SELL"
"2026-08-31","2026-09-29","US05580M8010","RILY","B. RILEY FINANCIAL INC","Financial Institutions",24.84,24.7,-0.564,1.04298,0.0009,0.1061,0.10521,11548886.0,"SELL"
"2026-08-31","2026-09-29","US6496048736","ADAM","NEW YORK MORTGAGE TRUST INC","Financial Institutions",25.68,25.35,-1.285,1.03541,0.0009,0.106,0.1051,11536678.0,"SELL"
"2026-08-31","2026-09-29","US78442P5026","SLM","SLM CORP","Financial Institutions",75.23,73.72,-2.007,1.02783,0.0009,0.1055,0.10463,11485861.0,"SELL"
"2026-08-31","2026-09-29","US29452E4089","EQH","EQUITABLE HOLDINGS INC","Financial Institutions",16.7,15.74,-5.749,0.98859,0.0009,0.1052,0.10434,11453673.0,"SELL"
"2026-08-31","2026-09-29","US8606308620","SF","STIFEL FINANCIAL CORP","Financial Institutions",15.81,15.29,-3.289,1.01439,0.0009,0.104,0.10311,11318402.0,"SELL"
"2026-08-31","2026-09-29","US16934Q6044","CIM","CHIMERA INVESTMENT CORP","Financial Institutions",24.68,22.98,-6.888,0.97664,0.0009,0.1031,0.10219,11217155.0,"SELL"
"2026-08-31","2026-09-29","US3167738604","FITB","FIFTH THIRD BANCORP","Financial Institutions",18.04,18.18,0.776,1.05703,0.0009,0.102,0.10105,11092777.0,"SELL"
"2026-08-31","2026-09-29","US25525P3055","DHC","DIVERSIFIED HEALTHCARE .25% SENIOR","Financial Institutions",19.1,18.09,-5.288,0.99342,0.0009,0.1014,0.10055,11037373.0,"SELL"
"2026-08-31","2026-09-29","BMG053841620","AHL","ASPEN INSURANCE HOLDINGS LTD","Financial Institutions",18.62,17.57,-5.639,0.98974,0.0009,0.1011,0.10019,10998347.0,"SELL"
"2026-08-31","2026-09-29","US25401T4058","DBRG","DIGITALBRIDGE GROUP INC","Financial Institutions",15.48,15.49,0.065,1.04956,0.0009,0.1011,0.10016,10994524.0,"SELL"
"2026-08-31","2026-09-29","US70509V8862","PEB","PEBBLEBROOK HOTEL TRUST","Financial Institutions",20.17,19.82,-1.735,1.03069,0.0009,0.101,0.10009,10987206.0,"SELL"
"2026-08-31","2026-09-29","US64828T8053","RITM","RITHM CAPITAL CORP","Financial Institutions",24.64,23.64,-4.058,1.00632,0.0009,0.1007,0.09985,10960494.0,"SELL"
"2026-08-31","2026-09-29","US0844238701","WRB","WR BERKLEY CORPORATION","Financial Institutions",15.11,14.9,-1.39,1.03431,0.0009,0.1006,0.09975,10949481.0,"SELL"
"2026-08-31","2026-09-29","US0605056250","BAC","BANK OF AMERICA CORP PREF STOCK","Financial Institutions",18.6,18.74,0.753,1.05678,0.0008,0.1003,0.09948,10919609.0,"SELL"
"2026-08-31","2026-09-29","US3793785086","GNL","GLOBAL NET LEASE CUMULATIVE REDE","Financial Institutions",23.67,22.41,-5.323,0.99305,0.0009,0.0997,0.09882,10847101.0,"SELL"
"2026-08-31","2026-09-29","US49446R7373","KIM","KIMCO REALTY CORPORATION","Financial Institutions",20.02,19.78,-1.199,1.03631,0.0008,0.0988,0.09795,10752196.0,"SELL"
"2026-08-31","2026-09-29","US04621X3061","AIZ","ASSURANT INC","Financial Institutions",18.41,17.72,-3.748,1.00958,0.0009,0.0987,0.09784,10739768.0,"SELL"
"2026-08-31","2026-09-29","US0082528433","AMG","AFFILIATED MANAGERS GROUP INC.","Financial Institutions",16.0,15.91,-0.562,1.04299,0.0008,0.0982,0.09735,10686658.0,"SELL"
"2026-08-31","2026-09-29","US84857L7055","SR","SPIRE INC","Utility",21.95,21.61,-1.549,1.03264,0.0008,0.0981,0.09728,10678285.0,"SELL"
"2026-08-31","2026-09-29","US70931T7072","PMT","PENNYMAC MORTGAGE INVESTMENT TRUST","Financial Institutions",25.27,25.29,0.079,1.04972,0.0008,0.0979,0.09705,10653857.0,"SELL"
"2026-08-31","2026-09-29","US74460W5783","PSA","PUBLIC STORAGE DEP SHS REPSTG TH","Financial Institutions",17.59,16.55,-5.912,0.98687,0.0009,0.0972,0.09627,10567317.0,"SELL"
"2026-08-31","2026-09-29","MHY8564M2048","TGP","TEEKAY LNG PARTNERS LP","Industrial",25.9,25.89,-0.039,1.04848,0.0008,0.097,0.09616,10555510.0,"SELL"
"2026-08-31","2026-09-29","BMG053842040","AHL","ASPEN INSURANCE HOLDINGS LTD","Financial Institutions",18.59,17.4,-6.401,0.98174,0.0009,0.0962,0.0953,10461074.0,"SELL"
"2026-08-31","2026-09-29","US2538688308","DLR","DIGITAL REALTY TRUST INC","Financial Institutions",22.48,20.41,-9.208,0.9523,0.0009,0.0961,0.09523,10453625.0,"SELL"
"2026-08-31","2026-09-29","US2333318184","DTE","DTE ENERGY CO","Utility",15.97,15.07,-5.636,0.98978,0.0009,0.0958,0.09487,10414008.0,"SELL"
"2026-08-31","2026-09-29","US04914Y3009","ATLC","ATLANTICUS HOLDINGS CORP","Financial Institutions",25.37,25.4,0.118,1.05013,0.0008,0.0956,0.09477,10403272.0,"SELL"
"2026-08-31","2026-09-29","US0605058157","BAC","BANK OF AMERICA CORP","Financial Institutions",18.65,18.34,-1.662,1.03145,0.0008,0.0953,0.09449,10371980.0,"SELL"
"2026-08-31","2026-09-29","US17259U3032","CIONI","CION INVESTMENT CORP","Financial Institutions",25.19,24.62,-2.263,1.02515,0.0008,0.0953,0.09446,10369208.0,"SELL"
"2026-08-31","2026-09-29","US3167738869","FITB","FIFTH THIRD BANCORP DEPOSITORY SH","Financial Institutions",22.27,21.0,-5.703,0.98907,0.0009,0.0953,0.09444,10366388.0,"SELL"
"2026-08-31","2026-09-29","US8606306079","SF","STIFEL FINANCIAL CORP","Financial Institutions",19.66,18.82,-4.273,1.00407,0.0008,0.095,0.09419,10339234.0,"SELL"
"2026-08-31","2026-09-29","US11259P2083","BEPUCN","BROOKFIELD BRP HOLDINGS (CANADA) I","Utility",16.26,16.12,-0.861,1.03986,0.0008,0.0944,0.09361,10275908.0,"SELL"
"2026-08-31","2026-09-29","US70931T5092","PMT","PENNYMAC MORTGAGE INVESTMENT TRUST","Financial Institutions",18.38,16.8,-8.596,0.95872,0.0009,0.0942,0.09331,10243252.0,"SELL"
"2026-08-31","2026-09-29","US20451Q4010","CODI","COMPASS DIVERSIFIED HOLDINGS FIXED","Financial Institutions",22.27,22.03,-1.078,1.03758,0.0008,0.0937,0.09293,10200589.0,"SELL"
"2026-08-31","2026-09-29","US20451Q3020","CODI","COMPASS DIVERSIFIED HOLDINGS","Financial Institutions",22.09,20.97,-5.07,0.99571,0.0008,0.0937,0.09292,10200442.0,"SELL"
"2026-08-31","2026-09-29","US0625403078","BOH","BANK OF HAWAII CORP","Financial Institutions",26.14,25.48,-2.525,1.0224,0.0008,0.0937,0.0929,10197542.0,"SELL"
"2026-08-31","2026-09-29","US70931T4004","PMT","PENNYMAC MORTGAGE INVESTMENT TRUST","Financial Institutions",22.95,21.21,-7.582,0.96936,0.0009,0.0928,0.09188,10086184.0,"SELL"
"2026-08-31","2026-09-29","BMG9078F1499","TRTN","TRITON INTL CUM RED PERP PREF SER","Industrial",24.99,23.18,-7.243,0.97292,0.0008,0.0921,0.09129,10021143.0,"SELL"
"2026-08-31","2026-09-29","US00489Q2012","ACR","ACRES COMMERCIAL REALTY .625 FIXED","Financial Institutions",24.15,23.3,-3.52,1.01197,0.0008,0.0918,0.09097,9985938.0,"SELL"
"2026-08-31","2026-09-29","US46131B5066","IVR","INVESCO MORTGAGE CAPITAL INC","Financial Institutions",25.04,23.98,-4.233,1.00449,0.0008,0.0916,0.09082,9969467.0,"SELL"
"2026-08-31","2026-09-29","US9290427940","VNO","VORNADO REALTY TRUST","Financial Institutions",14.54,13.35,-8.184,0.96304,0.0008,0.0898,0.08903,9773214.0,"SELL"
"2026-08-31","2026-09-29","BMG9078F3057","TRTN","TRITON INTERNATIONAL LTD","Industrial",23.82,22.53,-5.416,0.99208,0.0008,0.0896,0.08876,9743824.0,"SELL"
"2026-08-31","2026-09-29","US04911A2069","AUB","ATLANTIC UNION BANKSHARES CORP","Financial Institutions",24.32,23.24,-4.441,1.00231,0.0008,0.0893,0.08854,9719556.0,"SELL"
"2026-08-31","2026-09-29","US0844238883","WRB","WR BERKLEY CORPORATION","Financial Institutions",15.57,15.55,-0.128,1.04754,0.0007,0.0876,0.08688,9536776.0,"SELL"
"2026-08-31","2026-09-29","US74460W5114","PSA","PUBLIC STORAGE DEP SHS REPSTG PF","Financial Institutions",14.61,13.51,-7.529,0.96992,0.0008,0.0867,0.0859,9429816.0,"SELL"
"2026-08-31","2026-09-29","US38144X6094","GS","GOLDMAN SACHS GROUP INC","Financial Institutions",19.12,19.45,1.726,1.06699,0.0007,0.0861,0.08538,9372242.0,"SELL"
"2026-08-31","2026-09-29","BMG162491648","BPY","BROOKFIELD PROPERTY PARTNERS LP","Industrial",14.09,13.35,-5.252,0.9938,0.0008,0.0861,0.0853,9363302.0,"SELL"
"2026-08-31","2026-09-29","US1258968601","CMS","CMS ENERGY CORPORATION","Utility",20.01,18.93,-5.397,0.99228,0.0008,0.086,0.08522,9354296.0,"SELL"
"2026-08-31","2026-09-29","US9197944047","VLY","VALLEY NATIONAL BANCORP","Financial Institutions",25.79,25.3,-1.9,1.02896,0.0007,0.0859,0.0852,9352343.0,"SELL"
"2026-08-31","2026-09-29","US1258968379","CMS","CMS ENERGY CORPORATION","Utility",16.25,16.62,2.277,1.07277,0.0007,0.0858,0.08509,9340301.0,"SELL"
"2026-08-31","2026-09-29","US11276B1098","BIP","BROOKFIELD INFRASTRUCTURE FINANCE","Utility",15.85,15.3,-3.47,1.01249,0.0008,0.0858,0.085,9330832.0,"SELL"
"2026-08-31","2026-09-29","US31959X2027","FCNCA","FIRST CITIZENS BANCSHARES NON CU","Financial Institutions",20.5,19.07,-6.976,0.97572,0.0008,0.0855,0.08475,9302747.0,"SELL"
"2026-08-31","2026-09-29","US3793783008","GNL","GLOBAL NET LEASE PREF SERIES A INC","Financial Institutions",23.09,22.3,-3.421,1.013,0.0007,0.085,0.08434,9258163.0,"SELL"
"2026-08-31","2026-09-29","US74460W4877","PSA","PUBLIC STORAGE","Financial Institutions",17.67,16.45,-6.904,0.97647,0.0008,0.0849,0.08407,9229002.0,"SELL"
"2026-08-31","2026-09-29","US0844237067","WRB","WR BERKLEY CORPORATION","Financial Institutions",20.64,20.1,-2.616,1.02145,0.0007,0.0846,0.08386,9204938.0,"SELL"
"2026-08-31","2026-09-29","US00123Q8565","AGNC","AGNC INVESTMENT CORP","Financial Institutions",25.47,25.43,-0.157,1.04724,0.0007,0.0844,0.08371,9188835.0,"SELL"
"2026-08-31","2026-09-29","US04914Y4098","ATLC","ATLANTICUS HOLDINGS CORP","Financial Institutions",25.18,25.26,0.318,1.05222,0.0007,0.084,0.08332,9146470.0,"SELL"
"2026-08-31","2026-09-29","US58844R7026","MBIN","MERCHANTS BANCORP","Financial Institutions",19.92,18.88,-5.221,0.99413,0.0007,0.0838,0.08312,9124347.0,"SELL"
"2026-08-31","2026-09-29","US0259328807","AFG","AMERICAN FINANCIAL GROUP INC","Financial Institutions",18.03,18.35,1.775,1.0675,0.0007,0.0832,0.08253,9059955.0,"SELL"
"2026-08-31","2026-09-29","US4884013081","KMPR","KEMPER CORP","Financial Institutions",24.57,24.74,0.692,1.05614,0.0007,0.0827,0.08201,9002319.0,"SELL"
"2026-08-31","2026-09-29","US8606307069","SF","STIFEL FINANCIAL CORP","Financial Institutions",22.29,23.35,4.755,1.09877,0.0007,0.0827,0.08197,8998137.0,"SELL"
"2026-08-31","2026-09-29","US4101204067","HWC","HANCOCK WHITNEY CORP","Financial Institutions",21.75,21.05,-3.218,1.01513,0.0007,0.0826,0.08187,8987227.0,"SELL"
"2026-08-31","2026-09-29","US6496048652","ADAM","NEW YORK MORTGAGE TRUST INC","Financial Institutions",24.93,24.25,-2.728,1.02028,0.0007,0.0825,0.08177,8976291.0,"SELL"
"2026-08-31","2026-09-29","US11276B2088","BIP","BROOKFIELD INFRASTRUCTURE FINANCE","Utility",24.21,23.2,-4.172,1.00513,0.0007,0.0822,0.08152,8948447.0,"SELL"
"2026-08-31","2026-09-29","US78407R2040","EIX","SCE TRUST II CUM TRUST SECS P","Utility",16.9,16.39,-3.018,1.01723,0.0007,0.0821,0.08137,8932235.0,"SELL"
"2026-08-31","2026-09-29","US74460W3960","PSA","PUBLIC STORAGE DEPOSITARY SHS EACH","Financial Institutions",15.43,14.39,-6.74,0.97819,0.0007,0.0818,0.08108,8900635.0,"SELL"
"2026-08-31","2026-09-29","US58844R8842","MBIN","MERCHANTS BANCORP","Financial Institutions",25.58,25.43,-0.586,1.04274,0.0007,0.0818,0.08108,8900103.0,"SELL"
"2026-08-31","2026-09-29","US2538688555","DLR","DIGITAL REALTY TRUST INC","Financial Institutions",19.67,18.22,-7.372,0.97157,0.0007,0.0817,0.08103,8895162.0,"SELL"
"2026-08-31","2026-09-29","US55272X4097","MFA","MFA FINANCIAL INC","Financial Institutions",20.35,18.16,-10.762,0.93601,0.0008,0.0815,0.08066,8854639.0,"SELL"
"2026-08-31","2026-09-29","BMG162491564","BPY","BROOKFIELD PROPERTY PARTNERS LP","Industrial",15.44,14.7,-4.793,0.99862,0.0007,0.0813,0.08063,8850867.0,"SELL"
"2026-08-31","2026-09-29","US6740013007","OAK","OAKTREE CAPITAL GROUP LLC","Financial Institutions",20.57,20.33,-1.167,1.03665,0.0007,0.081,0.08029,8813306.0,"SELL"
"2026-08-31","2026-09-29","US10922N8891","BHF","BRIGHTHOUSE FINANCIAL INC","Financial Institutions",10.19,10.23,0.393,1.053,0.0007,0.0805,0.07975,8754453.0,"SELL"
"2026-08-31","2026-09-29","US6496048819","ADAM","NEW YORK MORTGAGE TRUST INC","Financial Institutions",24.93,24.91,-0.08,1.04805,0.0007,0.08,0.07931,8705529.0,"SELL"
"2026-08-31","2026-09-29","US70509V7047","PEB","PEBBLEBROOK HOTEL TRUST","Financial Institutions",18.65,18.2,-2.413,1.02358,0.0007,0.0799,0.07919,8692612.0,"SELL"
"2026-08-31","2026-09-29","US05614L4077","BW","BABCOCK & WILCOX ENTERPRISES INC","Industrial",22.24,18.5,-16.817,0.8725,0.0008,0.0796,0.07877,8646625.0,"SELL"
"2026-08-31","2026-09-29","BMG9078F1648","TRTN","TRITON INTERNATIONAL LTD","Industrial",25.4,24.55,-3.346,1.01379,0.0007,0.0792,0.07852,8619433.0,"SELL"
"2026-08-31","2026-09-29","US0423156068","ARR","ARMOUR RESIDENTIAL REIT INC","Financial Institutions",20.68,19.2,-7.157,0.97382,0.0007,0.0781,0.07742,8499051.0,"SELL"
"2026-08-31","2026-09-29","BMG9078F1317","TRTN","TRITON INTERNATIONAL LTD","Industrial",24.36,23.2,-4.762,0.99894,0.0007,0.0781,0.07737,8492660.0,"SELL"
"2026-08-31","2026-09-29","US4461507570","HBAN","HUNTINGTON BANCSHARES INC","Financial Institutions",20.82,20.01,-3.89,1.00808,0.0007,0.0775,0.07679,8429151.0,"SELL"
"2026-08-31","2026-09-29","US3602713089","FULT","FULTON FINANCIAL CORPORATION","Financial Institutions",17.78,17.37,-2.306,1.0247,0.0007,0.0774,0.07672,8422145.0,"SELL"
"2026-08-31","2026-09-29","US2333318267","DTE","DTE ENERGY COMPANY","Utility",15.75,14.99,-4.825,0.99827,0.0007,0.0774,0.07668,8417438.0,"SELL"
"2026-08-31","2026-09-29","US04208T2078","AHH","ARMADA HOFFLER PROPERTIES INC","Financial Institutions",22.09,20.24,-8.375,0.96104,0.0007,0.0766,0.07593,8334985.0,"SELL"
"2026-08-31","2026-09-29","US11259P3073","BEPUCN","BROOKFIELD BRP HOLDINGS (CANADA) I","Utility",23.41,22.63,-3.332,1.01394,0.0007,0.0762,0.07551,8288883.0,"SELL"
"2026-08-31","2026-09-29","US0259328641","AFG","AMERICAN FINANCIAL GROUP INC","Financial Institutions",16.1,16.62,3.23,1.08276,0.0006,0.0756,0.07498,8231024.0,"SELL"
"2026-08-31","2026-09-29","US0259328724","AFG","AMERICAN FINANCIAL GROUP INC","Financial Institutions",20.74,22.01,6.123,1.11311,0.0006,0.0753,0.07468,8197219.0,"SELL"
"2026-08-31","2026-09-29","US26884U2087","EPR","EPR PROPERTIES 5.75% CUM CONV PREF","Financial Institutions",26.22,25.25,-3.699,1.01008,0.0007,0.0753,0.07464,8193065.0,"SELL"
"2026-08-31","2026-09-29","US87266M2061","TRTX","TPG RE FIN TR PREF SERIES C INC TR","Financial Institutions",18.5,16.67,-9.892,0.94513,0.0007,0.0742,0.07354,8072806.0,"SELL"
"2026-08-31","2026-09-29","US11272B1035","BNCN","BROOKFIELD FINANCE I UK PLC","Financial Institutions",14.94,14.37,-3.815,1.00887,0.0007,0.0742,0.07353,8071726.0,"SELL"
"2026-08-31","2026-09-29","US3205174028","FHN","FIRST HORIZON NATIONAL CORP","Financial Institutions",23.41,22.31,-4.699,0.9996,0.0007,0.0741,0.07335,8052032.0,"SELL"
"2026-08-31","2026-09-29","US74460W4463","PSA","PUBLIC STORAGE","Financial Institutions",15.27,14.28,-6.483,0.98088,0.0007,0.0737,0.07305,8018592.0,"SELL"
"2026-08-31","2026-09-29","US0389238769","ABR","ARBOR REALTY TRUST INC","Financial Institutions",15.62,14.3,-8.451,0.96025,0.0007,0.0733,0.0726,7969884.0,"SELL"
"2026-08-31","2026-09-29","US3765468836","GAIN","GLADSTONE INVESTMENT CORP","Financial Institutions",24.17,24.12,-0.207,1.04672,0.0006,0.073,0.0724,7947621.0,"SELL"
"2026-08-31","2026-09-29","BMG162582313","BEPUCN","BROOKFIELD RENEWABLE PARTNERS LP","Utility",16.85,16.2,-3.858,1.00843,0.0006,0.0729,0.07228,7934507.0,"SELL"
"2026-08-31","2026-09-29","US4461507810","HBAN","HUNTINGTON BANCSHARES DEPOSITARY S","Financial Institutions",19.17,18.73,-2.295,1.02481,0.0006,0.0726,0.072,7903565.0,"SELL"
"2026-08-31","2026-09-29","BMG162522756","BIP","BROOKFIELD INFRASTRUCTURE CLASS","Utility",17.16,16.17,-5.769,0.98837,0.0007,0.0727,0.07197,7900694.0,"SELL"
"2026-08-31","2026-09-29","US0605055914","BAC","BANK OF AMERICA DEPOSITORY SHARES","Financial Institutions",19.66,19.84,0.916,1.05849,0.0006,0.0725,0.0719,7893052.0,"SELL"
"2026-08-31","2026-09-29","US3765468679","GAIN","GLADSTONE INVESTMENT CORP","Financial Institutions",25.44,25.43,-0.039,1.04847,0.0006,0.0724,0.07176,7877020.0,"SELL"
"2026-08-31","2026-09-29","BMG9078F2067","TRTN","TRITON INTERNATIONAL LTD","Industrial",22.98,21.28,-7.398,0.97129,0.0007,0.0718,0.07106,7800186.0,"SELL"
"2026-08-31","2026-09-29","MHY8564M1131","TGP","TEEKAY LNG PARTNERS LP","Industrial",25.7,25.73,0.117,1.05011,0.0006,0.0714,0.07078,7770131.0,"SELL"
"2026-08-31","2026-09-29","USG162522670","BIP","BROOKFIELD INFRASTRUCTURE PARTNERS","Utility",16.65,15.82,-4.985,0.9966,0.0006,0.0711,0.07055,7743933.0,"SELL"
"2026-08-31","2026-09-29","BMG9078F1564","TRTN","TRITON INTERNATIONAL LTD","Industrial",18.77,18.04,-3.889,1.00809,0.0006,0.071,0.07038,7725667.0,"SELL"
"2026-08-31","2026-09-29","US89832Q8107","TFC","TRUIST FINANCIAL DS REPRESENTING","Financial Institutions",17.69,18.31,3.505,1.08565,0.0006,0.0699,0.0693,7607364.0,"SELL"
"2026-08-31","2026-09-29","US17259U4022","CICC","CION INVESTMENT NOTES DUE CORP","Financial Institutions",24.88,24.35,-2.13,1.02654,0.0006,0.0694,0.06883,7555663.0,"SELL"
"2026-08-31","2026-09-29","US25401T5048","DBRG","DIGITALBRIDGE GROUP .125 CUMULATIV","Financial Institutions",15.08,14.66,-2.785,1.01967,0.0006,0.0692,0.06863,7534116.0,"SELL"
"2026-08-31","2026-09-29","US8163005031","SIGI","SELECTIVE INS GROUP DS REPSTG IN","Financial Institutions",15.44,15.0,-2.85,1.019,0.0006,0.0686,0.06802,7466162.0,"SELL"
"2026-08-31","2026-09-29","US28852N3070","EFC","ELLINGTON FINANCIAL INC","Financial Institutions",25.07,25.2,0.519,1.05433,0.0006,0.0672,0.06661,7311740.0,"SELL"
"2026-08-31","2026-09-29","US8964427046","TRIN","TRINITY CAPITAL INC","Financial Institutions",25.34,25.01,-1.302,1.03523,0.0006,0.0671,0.06652,7301533.0,"SELL"
"2026-08-31","2026-09-29","US68003D2045","ONB","OLD NATIONAL BANCORP DEP SHS EACH","Financial Institutions",24.82,24.73,-0.363,1.04508,0.0006,0.067,0.06644,7292821.0,"SELL"
"2026-08-31","2026-09-29","US16934Q8693","CIM","CHIMERA INVESTMENT CORP","Financial Institutions",25.26,25.05,-0.831,1.04017,0.0006,0.0666,0.06604,7249714.0,"SELL"
"2026-08-31","2026-09-29","US20786W5031","CNOB","CONNECTONE BANCORP INC","Financial Institutions",25.31,25.22,-0.356,1.04516,0.0006,0.0665,0.06594,7238303.0,"SELL"
"2026-08-31","2026-09-29","US75574U8383","RC","READY CAPITAL CORP","Financial Institutions",23.79,22.94,-3.573,1.01141,0.0006,0.066,0.06539,7178130.0,"SELL"
"2026-08-31","2026-09-29","US8964426055","TRIN","TRINITY CAPITAL INC","Financial Institutions",25.37,25.02,-1.38,1.03442,0.0006,0.0657,0.06513,7149430.0,"SELL"
"2026-08-31","2026-09-29","US38741L3050","GPMT","GRANITE POINT MORTGAGE TRUST INC","Financial Institutions",16.61,14.42,-13.185,0.91059,0.0006,0.0656,0.06505,7140561.0,"SELL"
"2026-08-31","2026-09-29","US3765493099","LAND","GLADSTONE LAND CORP","Financial Institutions",21.04,19.67,-6.511,0.98059,0.0006,0.0655,0.06491,7125371.0,"SELL"
"2026-08-31","2026-09-29","US6475513080","NMFC","NEW MOUNTAIN FINANCE CORP","Financial Institutions",25.29,25.25,-0.158,1.04723,0.0006,0.0654,0.06483,7116979.0,"SELL"
"2026-08-31","2026-09-29","US9197942066","VLY","VALLEY NATIONAL BANCORP","Financial Institutions",25.2,24.94,-1.032,1.03807,0.0006,0.0654,0.06482,7115560.0,"SELL"
"2026-08-31","2026-09-29","US5977423038","MSBI","MIDLAND STATES BANCORP INC","Financial Institutions",25.3,25.25,-0.198,1.04681,0.0005,0.0643,0.06376,6998525.0,"SELL"
"2026-08-31","2026-09-29","US26817Q8785","DX","DYNEX CAPITAL INC","Financial Institutions",25.89,26.03,0.541,1.05456,0.0005,0.0642,0.06372,6995105.0,"SELL"
"2026-08-31","2026-09-29","US0082528359","AMG","AFFILIATED MANAGERS GROUP INC.","Financial Institutions",14.59,14.28,-2.125,1.0266,0.0006,0.0643,0.06371,6993884.0,"SELL"
"2026-08-31","2026-09-29","US55272X7066","MFA","MFA FINANCIAL INC","Financial Institutions",25.3,25.15,-0.593,1.04267,0.0005,0.0641,0.06362,6983342.0,"SELL"
"2026-08-31","2026-09-29","MHY271831213","GSL","GLOBAL SHIP LEASE INC","Industrial",26.8,26.09,-2.649,1.0211,0.0006,0.064,0.06344,6964270.0,"SELL"
"2026-08-31","2026-09-29","US6496048165","ADAM","NEW YORK MORTGAGE TRUST INC","Financial Institutions",25.49,25.03,-1.805,1.02996,0.0006,0.0637,0.0631,6926092.0,"SELL"
"2026-08-31","2026-09-29","US70509V6056","PEB","PEBBLEBROOK HOTEL TRUST","Financial Institutions",19.85,19.57,-1.411,1.03409,0.0005,0.0635,0.06301,6916731.0,"SELL"
"2026-08-31","2026-09-29","US64944P3073","NYCB","NEW YORK COMMUNITY CAPITAL TRUST V","Financial Institutions",40.8,38.0,-6.863,0.9769,0.0006,0.0632,0.06257,6868833.0,"SELL"
"2026-08-31","2026-09-29","US0259328070","AFG","AMERICAN FINANCIAL GROUP INC","Financial Institutions",20.45,21.89,7.042,1.12275,0.0005,0.0626,0.06213,6820479.0,"SELL"
"2026-08-31","2026-09-29","US26884U5056","EPR","EPR PROPERTIES","Financial Institutions",21.36,18.75,-12.219,0.92072,0.0006,0.0622,0.06164,6765887.0,"SELL"
"2026-08-31","2026-09-29","US16934Q3074","CIM","CHIMERA INVESTMENT CORP","Financial Institutions",21.86,19.36,-11.436,0.92893,0.0006,0.0621,0.06153,6754181.0,"SELL"
"2026-08-31","2026-09-29","BMG162491499","BPY","BROOKFIELD PROPERTY PARTNERS LP","Industrial",16.45,15.15,-7.903,0.966,0.0006,0.0617,0.06109,6706323.0,"SELL"
"2026-08-31","2026-09-29","US3137452005","FRT","FEDERAL REALTY INVESTMENT DEPOSITA","Financial Institutions",19.27,18.34,-4.826,0.99827,0.0005,0.0609,0.06038,6627477.0,"SELL"
"2026-08-31","2026-09-29","US8660826053","INN","SUMMIT HOTEL PROPERTIES INC","Financial Institutions",17.98,17.1,-4.894,0.99755,0.0005,0.0605,0.06004,6591029.0,"SELL"
"2026-08-31","2026-09-29","US26884U3077","EPR","EPR PROPERTIES","Financial Institutions",32.0,31.47,-1.656,1.03151,0.0005,0.06,0.05949,6530086.0,"SELL"
"2026-08-31","2026-09-29","US0625452075","BOH","BANK OF HAWAII CORP","Financial Institutions",15.27,14.94,-2.161,1.02622,0.0005,0.0599,0.05944,6524720.0,"SELL"
"2026-08-31","2026-09-29","US0084922097","ADC","AGREE REALTY CORP","Financial Institutions",16.8,15.43,-8.155,0.96335,0.0006,0.0598,0.05915,6493230.0,"SELL"
"2026-08-31","2026-09-29","US64828T3005","RITM","NEW RESIDENTIAL INVESTMENT CORP","Financial Institutions",25.52,25.5,-0.078,1.04807,0.0005,0.0594,0.0589,6465184.0,"SELL"
"2026-08-31","2026-09-29","US68003D3035","ONB","OLD NATIONAL BANCORP","Financial Institutions",24.8,24.7,-0.403,1.04466,0.0005,0.059,0.05853,6424888.0,"SELL"
"2026-08-31","2026-09-29","US2635343070","CTVA","E I DU PONT DE NEMOURS AND CO","Industrial",65.22,62.45,-4.247,1.00434,0.0005,0.0589,0.05844,6415247.0,"SELL"
"2026-08-31","2026-09-29","US70931T8062","PMT","PENNYMAC MORTGAGE INVESTMENT TRUST","Financial Institutions",25.67,25.15,-2.026,1.02764,0.0005,0.0584,0.05794,6359697.0,"SELL"
"2026-08-31","2026-09-29","US02665T8760","AMH","AMERICAN HOMES 4 RENT","Financial Institutions",23.33,22.67,-2.829,1.01921,0.0005,0.0577,0.05719,6277820.0,"SELL"
"2026-08-31","2026-09-29","US7580758578","RWT","REDWOOD TRUST INC","Financial Institutions",23.5,20.89,-11.106,0.93239,0.0006,0.0578,0.05718,6277010.0,"SELL"
"2026-08-31","2026-09-29","US8678928040","SHO","SUNSTONE HOTEL INVESTORS INC","Financial Institutions",22.59,22.63,0.177,1.05074,0.0005,0.057,0.05651,6203056.0,"SELL"
"2026-08-31","2026-09-29","US53803X4025","LOB","LIVE OAK BANCSHARES INC","Financial Institutions",25.32,24.84,-1.896,1.029,0.0005,0.0569,0.05636,6186462.0,"SELL"
"2026-08-31","2026-09-29","US3765468596","GAIN","GLADSTONE INVESTMENT CORP","Financial Institutions",25.12,25.1,-0.08,1.04805,0.0005,0.0568,0.0563,6179954.0,"SELL"
"2026-08-31","2026-09-29","US28852N4060","EFC","ELLINGTON FINANCIAL INC","Financial Institutions",25.59,25.6,0.039,1.0493,0.0005,0.0567,0.05616,6165069.0,"SELL"
"2026-08-31","2026-09-29","US9197943056","VLY","VALLEY NATL NON CUM PERP PREF SERI","Financial Institutions",25.08,24.85,-0.917,1.03927,0.0005,0.0566,0.05607,6155005.0,"SELL"
"2026-08-31","2026-09-29","US12621E3018","CNO","CNO FINANCIAL GROUP INC","Financial Institutions",16.23,16.78,3.389,1.08443,0.0005,0.0563,0.05576,6120960.0,"SELL"
"2026-08-31","2026-09-29","US73317H2067","BPOP","POPULAR CAPITAL TRUST II","Financial Institutions",25.5,25.09,-1.608,1.03202,0.0005,0.0561,0.05559,6102050.0,"SELL"
"2026-08-31","2026-09-29","US80349A8027","SAR","SARATOGA INVESTMENT CORP","Financial Institutions",24.64,24.71,0.284,1.05187,0.0005,0.0559,0.05543,6084932.0,"SELL"
"2026-08-31","2026-09-29","US78163D4079","RWAY","RUNWAY GROWTH FINANCE","Financial Institutions",24.86,24.67,-0.764,1.04087,0.0005,0.0558,0.05533,6073759.0,"SELL"
"2026-08-31","2026-09-29","US3793784097","GNL","GLOBAL NET LEASE INC","Financial Institutions",22.24,21.3,-4.227,1.00455,0.0005,0.0553,0.05484,6019576.0,"SELL"
"2026-08-31","2026-09-29","US7588498896","REG","REGENCY CENTERS SERIES A CUMULAT","Financial Institutions",23.41,21.66,-7.475,0.97048,0.0005,0.0551,0.05462,5995684.0,"SELL"
"2026-08-31","2026-09-29","US3131488682","FAMCA","FEDERAL AGRICULTURAL MORTGAGE NO","Agency",21.12,24.18,14.489,1.20086,0.0004,0.0548,0.05443,5975291.0,"SELL"
"2026-08-31","2026-09-29","US70931T3014","PMT","PENNYMAC MORTGAGE INVESTMENT TRUST","Financial Institutions",23.15,21.39,-7.603,0.96914,0.0005,0.0544,0.05393,5920261.0,"SELL"
"2026-08-31","2026-09-29","US16208T2015","CLDT","CHATHAM LODGING TRUST","Financial Institutions",20.15,19.9,-1.241,1.03587,0.0005,0.0538,0.05329,5850240.0,"SELL"
"2026-08-31","2026-09-29","US02665T8687","AMH","AMERICAN HOMES 4 RENT","Financial Institutions",22.27,21.01,-5.658,0.98954,0.0005,0.0535,0.05297,5814111.0,"SELL"
"2026-08-31","2026-09-29","US5290433094","LXP","LXP INDUSTRIAL TRUST","Financial Institutions",49.19,49.39,0.407,1.05315,0.0004,0.0529,0.05248,5760454.0,"SELL"
"2026-08-31","2026-09-29","US3205178656","FHN","FIRST HORIZON CORP (TENNESSEE)","Financial Institutions",17.02,15.82,-7.051,0.97494,0.0005,0.0525,0.05201,5709289.0,"SELL"
"2026-08-31","2026-09-29","US2298993070","CFR","CULLEN FROST BANKERS DRC INC","Financial Institutions",16.7,15.68,-6.108,0.98482,0.0005,0.052,0.05155,5658279.0,"SELL"
"2026-08-31","2026-09-29","US7588498714","REG","REGENCY CENTERS SERIES B CUMULAT","Financial Institutions",22.08,20.2,-8.514,0.95958,0.0005,0.0514,0.0509,5587843.0,"SELL"
"2026-08-31","2026-09-29","US22948Q2003","CTO","CTO REALTY GROWTH INC","Financial Institutions",21.5,19.36,-9.953,0.94449,0.0005,0.0505,0.04997,5485307.0,"SELL"
"2026-08-31","2026-09-29","US29364P1030","ETR","ENTERGY NEW ORLEANS INC","Utility",20.84,20.21,-3.023,1.01718,0.0004,0.0503,0.04992,5479767.0,"SELL"
"2026-08-31","2026-09-29","US3131488435","FAMCA","FEDERAL AGRICULTURAL MORTGAGE CORP","Agency",18.74,18.03,-3.789,1.00915,0.0004,0.0496,0.04917,5397311.0,"SELL"
"2026-08-31","2026-09-29","US20451Q2030","CODI","COMPASS DIVERSIFIED HOLDINGS","Financial Institutions",19.79,18.72,-5.407,0.99218,0.0004,0.0496,0.04915,5395786.0,"SELL"
"2026-08-31","2026-09-29","US3131488351","FAMCA","FEDERAL AGRICULTURAL MORTGAGE NO","Agency",17.45,16.95,-2.865,1.01883,0.0004,0.0491,0.04869,5344615.0,"SELL"
"2026-08-31","2026-09-29","US25432X2018","DCOM","DIME COMMUNITY BANCSHARES CUMULATI","Financial Institutions",17.34,16.54,-4.614,1.0005,0.0004,0.0485,0.04809,5278564.0,"SELL"
"2026-08-31","2026-09-29","US6943082064","PCG","PACIFIC GAS & ELEC CO","Utility",21.0,19.83,-5.571,0.99045,0.0004,0.0473,0.04685,5142846.0,"SELL"
"2026-08-31","2026-09-29","US70509V8037","PEB","PEBBLEBROOK HOTEL TRUST","Financial Institutions",19.92,19.49,-2.159,1.02625,0.0004,0.0458,0.04541,4984414.0,"SELL"
"2026-08-31","2026-09-29","US00489Q3002","ACR","ACRES COMMERCIAL REALTY CORP","Financial Institutions",20.4,18.25,-10.539,0.93834,0.0004,0.0455,0.04512,4952795.0,"SELL"
"2026-08-31","2026-09-29","US8043958797","BFS","SAUL CENTERS INC","Financial Institutions",21.46,18.7,-12.861,0.91399,0.0004,0.0455,0.04512,4952713.0,"SELL"
"2026-08-31","2026-09-29","US74348T5653","PSEC","PROSPECT CAPITAL CORP","Financial Institutions",16.42,15.23,-7.247,0.97287,0.0004,0.0454,0.04496,4934992.0,"SELL"
"2026-08-31","2026-09-29","US0389238686","ABR","ARBOR REALTY TRUST INC","Financial Institutions",15.36,14.08,-8.333,0.96148,0.0004,0.0451,0.04471,4908154.0,"SELL"
"2026-08-31","2026-09-29","US14040H7742","COF","CAPITAL ONE FINANCIAL CORPORATION","Financial Institutions",16.14,15.43,-4.399,1.00275,0.0004,0.0439,0.0435,4775544.0,"SELL"
"2026-08-31","2026-09-29","US9116847024","AD","UNITED STATES CELLULAR CORPORATION","Industrial",19.0,17.95,-5.526,0.99092,0.0004,0.0431,0.04274,4692145.0,"SELL"
"2026-08-31","2026-09-29","US0454872047","ASB","ASSOCIATED BANC DEPOSITARY SHARES","Financial Institutions",19.09,18.72,-1.938,1.02856,0.0004,0.0414,0.04103,4504434.0,"SELL"
"2026-08-31","2026-09-29","US0454874027","ASB","ASSOCIATED BANC-CORP","Financial Institutions",19.94,18.4,-7.723,0.96788,0.0004,0.0407,0.04033,4426684.0,"SELL"
"2026-08-31","2026-09-29","US9116848840","AD","UNITED STATES CELLULAR CORPORATION","Industrial",16.79,16.0,-4.705,0.99954,0.0003,0.0381,0.03785,4154413.0,"SELL"
"2026-08-31","2026-09-29","US56029Q4082","MHLD","MAIDEN HOLDINGS NORTH AMERICA LTD","Financial Institutions",11.36,10.35,-8.891,0.95563,0.0003,0.0367,0.0364,3995175.0,"SELL"
"2026-08-31","2026-09-29","US8660827044","INN","SUMMIT HOTEL PROPERTIES INC","Financial Institutions",17.26,16.3,-5.562,0.99055,0.0003,0.0361,0.03578,3927431.0,"SELL"
"2026-08-31","2026-09-29","US5835432023","SLNH","SOLUNA HOLDINGS INC","Industrial",12.53,11.69,-6.704,0.97857,0.0003,0.0335,0.03316,3640511.0,"SELL"
"2026-08-31","2026-09-29","US75574U8870","RC","READY CAPITAL CORP","Financial Institutions",13.2,11.87,-10.076,0.9432,0.0003,0.0302,0.02991,3282894.0,"SELL"
"2026-08-31","2026-09-29","US5602923022","MHLD","MAIDEN HOLDINGS LTD","Financial Institutions",10.13,8.86,-12.537,0.91739,0.0002,0.0237,0.02347,2576666.0,"SELL"
"2026-08-31","2026-09-29","US10482B2007","BHR","BRAEMAR HOTEL & RESORTS INC","Financial Institutions",13.16,12.08,-8.207,0.96281,0.0002,0.0206,0.02037,2236027.0,"SELL"
"2026-08-31","2026-09-29","-","USD","USD CASH","Cash and/or Derivatives",100.0,100.0,0.0,1.04889,-0.0019,-22.6262,-22.62429,-2483501034.0,"BUY"
